bids_name	aor	aqi	dummy_trs	dvars_nstd	dvars_std	dvars_vstd	efc	fber	fd_mean	fd_num	fd_perc	fwhm_avg	fwhm_x	fwhm_y	fwhm_z	gcor	gsr_x	gsr_y	size_t	size_x	size_y	size_z	snr	spacing_tr	spacing_x	spacing_y	spacing_z	summary_bg_k	summary_bg_mad	summary_bg_mean	summary_bg_median	summary_bg_n	summary_bg_p05	summary_bg_p95	summary_bg_stdv	summary_fg_k	summary_fg_mad	summary_fg_mean	summary_fg_median	summary_fg_n	summary_fg_p05	summary_fg_p95	summary_fg_stdv	tsnr
sub-01_task-pdm_bold	0.0011412962962962963	0.0027981564814814814	0	24.955781848046485	1.1005464380465115	1.0037433905581394	0.5107	803.3508	0.06956432197653288	13	6.018518518518518	2.57398539508289	2.5640698161922737	2.778202278163642	2.3796840908927543	0.00956321	-0.006727798841893673	0.04012589901685715	216	74	74	38	2.683150316500552	2.2100000381469727	2.972972869873047	2.972972869873047	4.019999980926514	33.2396	6.1432	51.033	24.0	162879.0	19.0	197.0	79.5064	0.7094	228.2384	696.7547	684.0	45209.0	265.0	1125.0	254.9214	61.7932655562181
sub-03_task-pdm_bold	0.0025536160714285717	0.009314323660714286	0	40.19355464313901	1.1780074554260092	1.0096179627354258	0.4944	868.1842	0.3674782284694721	164	73.21428571428571	2.430596162879266	2.464512903648824	2.625526818323545	2.201748766665429	0.0422434	-0.011883473955094814	0.028745215386152267	224	74	74	38	3.004731689833906	2.2100000381469727	2.972972869873047	2.972972869873047	4.019999980926514	25.6805	7.4196	51.6291	25.0	169104.0	19.0	202.0	78.5345	0.5549	210.2714	720.7303	723.0	38984.0	252.0	1100.0	240.6174	43.30059260153212
sub-05_task-pdm_bold	0.009524055299539171	0.005153358110599079	0	31.76770898157408	1.1873486450462962	1.0469613186574072	0.507	789.1997	0.1536364679046519	17	7.8341013824884795	2.4685573431970123	2.49649415909616	2.7070310938773097	2.202146776617566	0.061107	-0.008952838368713856	0.04305525869131088	217	74	74	38	2.5201429053519058	2.2100000381469727	2.972973108291626	2.972972869873047	4.019999980926514	20.7218	8.4583	57.7049	27.0	163535.0	20.0	222.0	83.9957	0.3091	278.8181	781.9735	770.0	44553.0	246.0	1303.0	305.5348	48.277225544676185
sub-06_task-pdm_bold	0.0005703539823008851	0.003341427477876106	0	33.47044410737778	1.1965145806666675	1.0044982509333336	0.4751	884.0518	0.13132100231824495	25	11.061946902654867	2.521880650582392	2.585987478881958	2.6934554570428832	2.2861990158223344	0.0634606	-0.011832699179649353	0.03612587973475456	226	74	74	38	2.5206229420560318	2.2100000381469727	2.9729726314544678	2.972972869873047	4.019999980926514	58.923	6.7045	48.7987	25.0	169445.0	20.0	172.0	69.5448	0.8854	264.0672	770.2305	757.0	38643.0	234.0	1266.0	300.3187	57.94073067465797
sub-08_task-pdm_bold	0.0013231924882629107	0.005196860375586855	0	33.350916268254714	1.151382266084907	1.0054101694339626	0.479	795.1206	0.19261019723282302	65	30.516431924882628	2.3594289555201775	2.3748349914479685	2.6068249994931656	2.096626875619399	0.0134596	-0.014873401261866093	0.03364589065313339	213	74	74	38	2.6794340491414856	2.2100000381469727	2.972972869873047	2.972972869873047	4.019999980926514	25.6912	7.1624	49.1875	25.0	172270.0	19.0	173.0	67.9345	0.7675	217.3544	710.1728	706.0	35818.0	212.0	1150.0	263.4848	52.619594767922536
sub-09_task-pdm_bold	0.0037771929824561403	0.0028407748684210524	0	25.039491627973565	1.0945696478854632	1.0227486580616745	0.479	868.6642	0.09502131633063725	11	4.824561403508772	2.7546241885919525	2.8769685054147494	2.854839371730436	2.532064688630672	0.0276786	0.007235007826238871	0.024714937433600426	228	74	74	38	2.6006628960522695	2.2100000381469727	2.972973108291626	2.972972869873047	4.019999980926514	68.8013	8.2258	50.5008	26.0	167894.0	19.0	160.0	86.3945	0.8045	269.5442	795.6462	772.0	40194.0	320.0	1306.0	296.8437	58.891050164122134
sub-10_task-pdm_bold	0.000583710407239819	0.003493516244343892	0	29.77579694209092	1.1368252985909095	1.002056393545454	0.5404	503.3021	0.0914427362939569	7	3.167420814479638	2.4722515381207777	2.521462632896515	2.6844039112744387	2.2108880701913787	0.0111001	-0.013821198605000973	0.06152547895908356	221	74	74	38	2.6992774892332903	2.2100000381469727	2.972972869873047	2.972972869873047	4.019999980926514	22.0249	8.7614	62.5815	30.0	161950.0	23.0	239.0	83.9226	0.3874	224.678	681.3043	681.0	46138.0	199.0	1090.0	252.287	56.71875840879511
sub-11_task-pdm_bold	0.010378133333333334	0.00644325648888889	0	34.80833121714287	1.2990099232589285	1.0974194727678575	0.4946	900.9557	0.2544516403897274	76	33.77777777777778	2.8098328601308946	2.8980520095926465	3.0673371063723858	2.4641094644276516	0.0747338	-0.021143045276403427	0.04201972112059593	225	74	74	38	2.3938025069713516	2.2100000381469727	2.972972869873047	2.972972869873047	4.019999980926514	25.6718	7.5777	59.4156	26.0	166470.0	20.0	250.0	91.8861	0.6177	283.8129	795.5595	775.0	41618.0	212.0	1343.0	323.7488	46.139758500794414
sub-12_task-pdm_bold	0.0015369090909090907	0.005932620727272728	0	35.994279016529674	1.179720810684931	0.9890693697260269	0.4834	828.8308	0.17451768994696765	59	26.818181818181817	2.4705210663109805	2.5707132044000622	2.73444451190191	2.1064054826309695	0.0114498	-0.005235541146248579	0.03425580635666847	220	74	74	38	2.448119630211313	2.2100000381469727	2.9729726314544678	2.972973108291626	4.019999980926514	30.2734	7.4534	53.8884	27.0	168339.0	21.0	200.0	79.6228	0.5567	266.5853	783.1497	772.0	39749.0	194.0	1318.0	315.3401	48.099598565138876
sub-13_task-pdm_bold	0.0028654506437768242	0.003938110600858369	0	32.8073042588362	1.2160201341379315	1.0172242451724147	0.5118	771.8239	0.13690635375817634	34	14.592274678111588	2.5691889869726814	2.569848543665402	2.850325371573895	2.2873930456787464	0.0906537	0.004183417651802301	0.052054762840270996	233	74	74	38	2.5029737311522524	2.2100000381469727	2.972972869873047	2.972972869873047	4.019999980926514	17.8928	9.182	60.2335	27.0	163961.0	20.0	246.0	88.4728	0.6212	260.4416	767.333	746.0	44127.0	259.0	1284.0	298.0421	52.313739855308086
sub-14_task-pdm_bold	0.009459806201550387	0.0060584129457364345	0	36.35508149140078	1.2492754575875482	1.0714347987548636	0.4905	830.415	0.21572734909185484	74	28.68217054263566	2.6101566322089567	2.758918550222173	2.9417254656526555	2.129825880752041	0.0724107	-0.009418674744665623	0.041804030537605286	258	74	74	38	2.2908876284840245	2.2100000381469727	2.972972869873047	2.972972869873047	4.019999980926514	23.0919	8.4359	57.8506	27.0	166486.0	20.0	237.0	87.6659	0.3328	292.7105	795.5077	767.0	41602.0	212.0	1386.0	334.8007	44.22021880617831
sub-15_task-pdm_bold	0.03394579591836734	0.016002532081632652	0	43.28660764081968	1.272668455245902	1.2248533050409838	0.4489	938.1135	0.4412877765215557	59	24.081632653061224	2.9348165574009983	3.0033977405186647	3.1290867448774424	2.6719651868068888	0.0300831	-0.010777560994029045	0.048268526792526245	245	74	74	38	2.4328925686683585	2.2100000381469727	2.972972869873047	2.972972869873047	4.019999980926514	56.2661	6.6445	42.8603	24.0	174447.0	19.0	134.0	57.7812	0.6347	259.3828	739.8426	734.0	33641.0	190.0	1240.0	301.694	22.22073220880702
sub-16_task-pdm_bold	0.0017795	0.0034544635000000002	0	25.60017166844748	1.098732623424658	1.0154629579452057	0.523	667.499	0.07521595586421431	9	4.090909090909091	2.5335762302174207	2.5872015442671876	2.765935095920046	2.247592050465029	0.0141968	0.004636152181774378	0.04575614631175995	220	74	74	38	2.743102379467984	2.2100000381469727	2.972972869873047	2.972972869873047	4.019999980926514	27.2062	8.2217	59.4078	26.0	164901.0	19.0	239.0	92.4314	0.0593	226.7775	667.4061	675.0	43187.0	189.0	1056.0	246.0689	58.607758556026965
sub-18_task-pdm_bold	0.0010650207468879667	0.002926925643153527	0	27.21478304829168	1.1140260336666665	0.9924452729583332	0.4952	819.1654	0.08576204361342743	18	7.468879668049793	2.7209446365069305	2.8736625119284565	3.1365271087718307	2.1526442888205053	0.0394422	-0.014403274282813072	0.04343746230006218	241	74	74	38	2.2244636305565546	2.2100000381469727	2.9729726314544678	2.972972869873047	4.019999980926514	22.9954	11.098	61.1615	30.0	163434.0	21.0	233.0	87.2261	0.4329	345.6955	884.6579	845.0	44654.0	270.0	1569.0	379.8626	57.98316672060173
sub-20_task-pdm_bold	0.0007580803571428572	0.0026293608928571427	0	25.620863482600882	1.091801420269058	1.0042221767264572	0.5122	696.1501	0.06435096737494982	4	1.7857142857142858	2.482730291206872	2.585704726033461	2.6487224554915847	2.2137636920955703	0.0124177	-0.007645155768841505	0.032530080527067184	224	74	74	38	2.7047078244445895	2.2100000381469727	2.972972869873047	2.972972869873047	4.019999980926514	39.361	8.2801	51.263	26.0	163957.0	19.0	187.0	75.4474	0.4074	222.7346	674.4499	674.0	44131.0	200.0	1073.0	249.1923	62.494771007448435
sub-21_task-pdm_bold	0.0017333484162895926	0.002320644117647059	0	25.375253555954558	1.1040235586363631	1.0115073727727273	0.5177	702.832	0.07123507558463209	8	3.6199095022624435	3.0758840105641894	3.162867746048936	3.3140632058377077	2.750721079805925	0.0565159	-0.016976909711956978	0.0663316398859024	221	74	74	38	2.1921870192669184	2.2100000381469727	2.972972869873047	2.972972869873047	4.020000457763672	72.2504	9.7141	66.7006	29.0	159360.0	21.0	248.0	115.8809	1.1714	299.9217	817.2573	770.0	48728.0	283.0	1450.0	351.2438	59.94931329321116
sub-22_task-pdm_bold	0.004080228310502283	0.004214088858447489	0	30.75129083761468	1.1977879774311928	1.0364017205504585	0.4607	925.845	0.15521852319059115	30	13.698630136986301	2.6108591487868793	2.6927089456869777	2.94734610221121	2.1925223984624496	0.0312401	-0.011734610423445702	0.03169494867324829	219	74	74	38	2.4560814254336747	2.2100000381469727	2.9729726314544678	2.972972869873047	4.019999980926514	43.8557	6.208	43.8917	24.0	171568.0	19.0	144.0	62.0203	0.4961	250.8746	729.8341	729.0	36520.0	161.0	1211.0	296.8102	54.04122248699423
sub-23_task-pdm_bold	0.0007628444444444445	0.003935181333333333	0	29.816949086428572	1.2410495624999993	1.0067110398660715	0.4717	1021.686	0.08661176547070285	5	2.2222222222222223	2.700352202281877	2.8385728257117817	2.852269553459499	2.410214227674351	0.00840216	-0.006530419457703829	0.029399121180176735	225	74	74	38	2.7848378776018716	2.2100000381469727	2.972972869873047	2.972972869873047	4.0199995040893555	61.9357	6.0622	45.2768	24.0	169167.0	19.0	145.0	73.9107	1.1938	222.0016	765.8014	758.0	38921.0	264.0	1204.0	272.1847	66.6817786693573
sub-24_task-pdm_bold	0.0023714285714285716	0.004016595491071429	0	25.82734815309418	1.1213958044843053	1.0191805174439468	0.4939	884.9688	0.11029570495899547	22	9.821428571428571	2.594897748900786	2.5793375690271447	2.806278551864574	2.399077125810638	0.0476525	-0.009882333688437939	0.0380459688603878	224	74	74	38	2.849789441869593	2.2100000381469727	2.9729726314544678	2.972972869873047	4.019999980926514	49.0789	5.6458	48.9138	23.0	167148.0	18.0	183.0	84.1499	0.4772	208.7755	688.7873	685.0	40940.0	233.0	1080.0	240.3657	58.67545945942402
sub-25_task-pdm_bold	0.00732041841004184	0.011026795648535566	1	44.251265838403384	1.2436262674789915	1.053226010756302	0.5162	599.3889	0.37223092674568237	123	51.46443514644351	2.4489850270830225	2.4671029037386427	2.8145934612438364	2.065258716266588	0.095362	-0.016755687072873116	0.055288173258304596	239	74	74	38	2.6965607784210155	2.2100000381469727	2.972972869873047	2.972972869873047	4.019999980926514	18.3111	7.7976	62.3957	29.0	167806.0	23.0	253.0	88.3466	0.22	238.1065	710.5679	721.0	40282.0	175.0	1126.0	267.3743	33.73712817393243
sub-26_task-pdm_bold	0.0006592592592592592	0.00385034670781893	0	30.462471331446288	1.1496906511983478	1.006611200454545	0.5095	720.2709	0.10022389034513905	14	5.761316872427984	2.8491194658471444	2.9783557057732075	3.067535314922676	2.5014673768455493	0.0210492	-0.008667321875691414	0.03848763555288315	243	74	74	38	2.3573838994895757	2.2100000381469727	2.9729726314544678	2.972973108291626	4.020000457763672	26.6108	9.097	63.8553	28.0	164496.0	21.0	255.0	97.3797	1.0059	268.0917	784.5602	756.0	43592.0	241.0	1357.0	320.6908	56.97907664696686
sub-27_task-pdm_bold	0.0012760642570281123	0.003772909959839357	0	24.523548295483845	1.1317465120967747	1.0116281469758066	0.4744	991.0422	0.0738948338013664	8	3.21285140562249	2.4488181216032814	2.5361011788587113	2.643485273491782	2.16686791245935	0.0171619	0.002627414418384433	0.026595525443553925	249	74	74	38	2.8807552094411784	2.2100000381469727	2.972972869873047	2.972972869873047	4.020000457763672	70.8897	5.6506	40.7795	23.0	168118.0	18.0	125.0	63.4324	0.8612	213.3875	715.9233	715.0	39970.0	232.0	1102.0	248.1957	63.562449243385345
sub-28_task-pdm_bold	0.0005569767441860466	0.0033546259069767445	0	35.35550440144861	1.1731909000934586	0.9949466024766352	0.4779	831.7604	0.17892011831555046	69	32.093023255813954	2.7021522106058975	2.86298586968755	2.7926053695722186	2.450865392557925	0.0522831	-0.00811417493969202	0.030654508620500565	215	74	74	38	2.3654205995509723	2.2100000381469727	2.972973108291626	2.972972869873047	4.020000457763672	97.2377	7.5096	49.1234	25.0	167910.0	19.0	164.0	84.3899	1.2669	238.4403	740.8082	710.0	40178.0	244.0	1295.0	300.1543	56.533199425786734
sub-29_task-pdm_bold	0.004541850220264316	0.005732711101321585	0	32.93751514044248	1.2143876392920354	1.0469794715929202	0.4844	686.1003	0.1329912048284807	26	11.45374449339207	2.2011247083272245	2.3230652623799157	2.391935719313733	1.8883731432880246	0.0381357	-0.012951847165822983	0.030275270342826843	227	74	74	38	2.9037478804068804	2.2100000381469727	2.972972869873047	2.972972869873047	4.019999980926514	37.6712	5.5059	44.8504	27.0	170481.0	22.0	137.0	55.1464	0.6699	192.8624	686.9736	698.0	37607.0	193.0	1061.0	240.3758	53.10508565045893
sub-30_task-pdm_bold	0.0012652608695652174	0.004027895043478261	0	27.540082164847153	1.088048913886463	1.0046002564628826	0.4633	857.6177	0.11883940439535844	21	9.130434782608695	2.550107897577386	2.573178543780883	2.920242153642902	2.156902995308373	0.0555646	-0.0070094396360218525	0.04013235867023468	230	74	74	38	2.708503551753381	2.2100000381469727	2.972972869873047	2.9729726314544678	4.019999980926514	37.5316	6.3043	40.8771	24.0	172986.0	19.0	126.0	51.5348	-0.0369	234.6637	674.5723	694.0	35102.0	151.0	1057.0	256.2264	53.15515346825123
sub-31_task-pdm_bold	0.0006188546255506608	0.0029784075330396473	0	24.001093256991144	1.0862114815929205	1.0022477746902658	0.4895	822.1299	0.049017252824478254	1	0.44052863436123346	2.3524747094004743	2.379123627960331	2.643434818944578	2.0348656812965134	0.0124008	-0.008808579295873642	0.03957316651940346	227	74	74	38	2.753110529204786	2.2100000381469727	2.972972869873047	2.972972869873047	4.019999980926514	34.7614	6.1851	45.2814	24.0	167352.0	19.0	154.0	67.0671	0.6921	213.2628	685.4032	679.0	40736.0	218.0	1084.0	246.6271	63.51012061047368
sub-32_task-pdm_bold	0.0005272072072072071	0.0036754517567567572	0	26.6868932559276	1.1126605012669686	1.004431483800905	0.4865	765.4725	0.059987404454116	6	2.7027027027027026	2.418291220021153	2.4491579031163266	2.7053055483629245	2.1004102085842065	0.0110898	-0.006787492427974939	0.04103703796863556	222	74	74	38	2.7594537007658633	2.2100000381469727	2.972972869873047	2.972972869873047	4.020000457763672	36.1639	5.1624	38.1738	22.0	167036.0	18.0	114.0	53.0124	0.4399	181.542	604.9248	614.0	41052.0	149.0	956.0	222.5051	58.783844062825665
sub-33_task-pdm_bold	0.0010620661157024795	0.0037917874793388425	0	23.76483040319502	1.1194998182157683	1.0132026643568461	0.4497	1118.4451	0.0827976566228827	13	5.371900826446281	2.607215310970126	2.6985746953527525	2.8335242345903233	2.2895470029673026	0.0338059	-0.0005695054423995316	0.022373132407665253	242	74	74	38	2.7712565909021185	2.2100000381469727	2.972973108291626	2.9729726314544678	4.020000457763672	78.0283	4.9195	38.3237	22.0	172624.0	18.0	113.0	62.0698	0.9342	211.1452	719.1614	723.0	35464.0	196.0	1127.0	260.8888	62.85476966027636
sub-34_task-pdm_bold	0.0033734862385321105	0.004446885458715596	0	27.75489522336407	1.1597742303225806	1.0313267676958522	0.5034	944.5743	0.14154288464807804	33	15.137614678899082	2.5381044421981276	2.5992399992301247	2.8283170980833954	2.186756229280862	0.0292314	-0.011486228555440903	0.061823904514312744	218	74	74	38	2.802060386078178	2.2100000381469727	2.972972869873047	2.972972869873047	4.019999980926514	64.3601	7.0322	52.9916	25.0	163745.0	19.0	210.0	86.2708	0.8224	232.0204	767.1999	757.0	44343.0	275.0	1211.0	270.1553	56.90895157144405
sub-35_task-pdm_bold	0.002014144144144144	0.002845567207207208	0	26.29116714276019	1.1334752251583717	1.023873786063348	0.4776	924.7154	0.11455969221265697	19	8.558558558558559	2.758177493526175	2.8712370995718213	3.0931933799963303	2.3101020010103728	0.0401216	-0.00464126979932189	0.0380466990172863	222	74	74	38	2.5250122158599733	2.2100000381469727	2.972972869873047	2.972972869873047	4.019999980926514	34.1063	7.019	44.0635	25.0	166440.0	19.0	145.0	58.326	0.1999	268.1106	757.8285	750.0	41648.0	209.0	1252.0	297.0247	57.86209684237838
sub-36_task-pdm_bold	0.00038358407079646013	0.0042619536283185835	1	27.544498375777778	1.1351135921777777	0.9842010356000004	0.4727	1001.1309	0.08823147540939852	8	3.5398230088495577	2.5609363118122497	2.672722001778412	2.791579460445732	2.218507473212605	0.0661025	-0.009199592284858227	0.031223131343722343	226	74	74	38	2.636988952532495	2.2100000381469727	2.972972869873047	2.972972869873047	4.019999980926514	93.9439	6.7504	45.3448	24.0	168430.0	19.0	153.0	66.8966	0.3588	254.4368	772.8994	762.0	39658.0	222.0	1247.0	288.9623	57.096308942185715
sub-37_task-pdm_bold	0.005454238683127572	0.005187267407407408	0	33.17898788904961	1.226419405413222	1.037118769752066	0.4709	923.3636	0.16278760254743835	43	17.695473251028808	2.6923265515134163	2.8208229160053224	2.867136826702355	2.3890199118325715	0.109888	0.004542016889899969	0.022861413657665253	243	74	74	38	2.504265250195992	2.2100000381469727	2.972972869873047	2.972972869873047	4.019999980926514	47.0224	6.3697	45.9834	24.0	169259.0	19.0	158.0	72.8303	1.0174	239.0101	740.037	729.0	38829.0	199.0	1227.0	291.0996	49.720359744504094
sub-38_task-pdm_bold	0.0006471138211382114	0.004086266016260162	0	28.51868366318367	1.1743092147755092	1.0026435260816318	0.4716	952.4987	0.09425225215864362	13	5.284552845528455	2.39632959629893	2.5176819054926756	2.5867272715234675	2.084579611880647	0.0718294	-0.0044725025072693825	0.03174243122339249	246	74	74	38	2.923857759787185	2.2100000381469727	2.972972869873047	2.972972869873047	4.019999980926514	42.2474	6.292	43.2292	23.0	172053.0	18.0	148.0	63.6769	0.5019	202.0136	682.0885	699.0	36035.0	187.0	1038.0	239.0644	58.92554110661149
sub-40_task-pdm_bold	0.0007258682634730539	0.004043823113772455	0	28.968877550843366	1.0548706387951805	0.9912468213253012	0.5553	475.3181	0.0604179882332397	3	1.7964071856287425	2.574190617710594	2.7096782757872937	2.718460730637316	2.2944328467071724	0.0495501	0.005591928493231535	0.08168940991163254	167	74	74	38	2.5783914627099844	2.2100000381469727	2.972972869873047	2.972972869873047	4.019999980926514	11.8123	13.5032	72.5889	31.0	161105.0	21.0	300.0	100.2797	0.1541	241.5043	678.8925	671.0	46983.0	217.0	1113.0	260.237	47.345041376305744
sub-41_task-pdm_bold	0.003690818965517242	0.00564333922413793	0	36.945567614069276	1.2254602758008657	1.025677674025974	0.5079	834.8668	0.25596539003507374	96	41.37931034482759	3.324799929331236	3.3102757511609076	3.70972103774057	2.9544029990922303	0.0465451	-0.017533913254737854	0.04915139824151993	232	74	74	38	2.160452082514083	2.2100000381469727	2.972972869873047	2.972972869873047	4.019999980926514	77.2684	9.9117	73.2057	30.0	161570.0	22.0	310.0	125.3837	0.821	361.8284	909.2539	864.0	46518.0	278.0	1629.0	399.912	48.202770742122084
sub-43_task-pdm_bold	0.012015630252100843	0.00700631949579832	0	31.600503510928302	1.2531785468354424	1.1382678146413503	0.5099	761.5472	0.21850247253812982	45	18.907563025210084	2.8778498831074244	2.9586952489692693	3.122292199187268	2.5525622011657365	0.0147448	-0.01111152395606041	0.03544972464442253	238	74	74	38	2.574041327355537	2.2100000381469727	2.9729726314544678	2.972972869873047	4.019999980926514	48.4724	8.9455	60.1352	27.0	164658.0	20.0	234.0	96.3515	0.1689	265.1554	743.7079	746.0	43430.0	181.0	1205.0	289.8133	44.67359786841553
sub-44_task-pdm_bold	0.0007333920704845815	0.0032859698678414104	0	26.348850731061948	1.1247947623451322	0.9990631851769917	0.5058	846.2153	0.08585689875793852	14	6.167400881057269	2.6356860780820295	2.557931179615755	2.94580892033972	2.4033181342906134	0.0452053	-0.013883804902434349	0.055442336946725845	227	74	74	38	2.5574664043089337	2.2100000381469727	2.972972869873047	2.972972869873047	4.020000457763672	33.5303	7.7004	50.6536	26.0	161353.0	20.0	179.0	74.6325	0.7477	255.9219	756.3784	744.0	46735.0	238.0	1240.0	290.9098	60.15165207255632
sub-45_task-pdm_bold	0.004201330275229358	0.005081987798165137	0	35.0988951646083	1.2165393156221194	1.0399144409216587	0.5027	621.2822	0.23447679669897004	75	34.403669724770644	2.8287565338581024	2.8831780090768295	3.125945108404857	2.4771464840926196	0.0665781	-0.005771647673100233	0.024273796007037163	218	74	74	38	2.286890733678149	2.2100000381469727	2.972972869873047	2.972972869873047	4.020000457763672	23.7536	10.4122	57.2258	29.0	165602.0	21.0	212.0	78.3208	0.7946	260.8734	732.7615	715.0	42486.0	185.0	1278.0	312.6479	48.65353843627963
