bids_name	NumberOfShells	bValues	bValuesEstimation	bdiffs_max	bdiffs_mean	bdiffs_median	bdiffs_min	efc_shell01	efc_shell02	fa_degenerate	fa_nans	fber_shell01	fber_shell02	fd_mean	fd_num	fd_perc	ndc	sigma_cc	sigma_pca	sigma_piesno	snr_cc_shell0	snr_cc_shell1_best	snr_cc_shell1_worst	spikes_global	spikes_slice_i	spikes_slice_j	spikes_slice_k	summary_bg_k	summary_bg_mad	summary_bg_mean	summary_bg_median	summary_bg_n	summary_bg_p05	summary_bg_p95	summary_bg_stdv	summary_fg_k	summary_fg_mad	summary_fg_mean	summary_fg_median	summary_fg_n	summary_fg_p05	summary_fg_p95	summary_fg_stdv	summary_wm_k	summary_wm_mad	summary_wm_mean	summary_wm_median	summary_wm_n	summary_wm_p05	summary_wm_p95	summary_wm_stdv
sub-01_dwi	1	[0.0, 1000.0]	[1000.0]	0.1742	0.0763	0.0743	0.0226	0.4024	0.4969	0.0	0.0	1783.4818	437.9024	1.9548	92	98.9247311827957	0.7999	41.5129	15.2714	2.4761	6.15	6.46	6.46	688.28	4851.31	4111.01	3336.59	174.6733	4.4478	25.3523	7.0	857964.0	2.0	100.0	74.8099	10.6152	133.4342	434.7503	342.0	190612.0	181.0	1074.0	291.3413	46.4352	48.9259	289.4347	274.0	53335.0	191.0	422.0	108.0712
sub-03_dwi	1	[0.0, 1000.0]	[1000.0]	0.2434	0.04	0.0368	0.0025	0.3923	0.4741	0.0	0.0	2204.2791	528.4971	2.6236	92	98.9247311827957	0.4695	33.3585	15.4239	2.3111	7.97	7.99	7.99	608.37	4260.65	3902.31	3153.48	130.4417	4.4478	23.466	7.0	880249.0	2.0	95.0	65.6034	15.2449	127.5038	437.2338	370.0	168327.0	213.0	912.0	251.5493	45.2909	47.4433	322.722	302.0	39137.0	229.0	468.0	120.7458
sub-05_dwi	1	[0.0, 1000.0]	[1000.0]	0.2551	0.0708	0.0505	0.0114	0.4085	0.4906	0.0	0.0	1992.5383	542.8027	8.5002	92	98.9247311827957	0.6435	41.5129	17.276	2.9714	8.45	8.73	8.73	688.34	4790.93	4037.51	3365.47	259.7232	7.413	30.1501	9.0	859290.0	3.0	126.0	86.4913	16.1273	152.708	503.8533	416.0	189286.0	183.0	1097.0	325.8183	52.8149	63.7519	382.9911	355.0	54875.0	260.0	552.0	165.6488
sub-06_dwi	1	[0.0, 1000.0]	[1000.0]	0.1603	0.0328	0.0296	0.0055	0.3824	0.4822	0.0	0.0	2121.0142	482.9344	2.6462	62	98.41269841269842	0.8169	35.5825	16.5319	2.6412	8.56	8.65	8.65	755.02	6000.82	5210.27	4364.5	166.4435	5.9304	27.1943	8.0	882850.0	2.0	115.0	75.7128	9.3796	154.1906	498.8356	392.0	165726.0	201.0	1191.0	330.2918	52.9848	51.8911	339.2844	320.0	40638.0	237.0	494.0	121.0102
sub-08_dwi	1	[0.0, 1000.0]	[1000.0]	0.1296	0.059	0.0542	0.0138	0.3783	0.4811	0.0	0.0	1857.84	427.4716	2.3907	92	98.9247311827957	0.1751	46.702	15.3024	2.3111	6.46	6.66	6.66	564.62	4048.01	3354.96	3045.85	271.2179	4.4478	24.4512	7.0	894238.0	2.0	102.0	67.9199	10.89	136.3994	441.9675	351.0	154338.0	148.0	1061.0	292.241	33.8319	59.3041	311.4234	296.0	39807.0	190.0	470.0	125.2204
sub-09_dwi	1	[0.0, 1000.0]	[1000.0]	0.0394	0.0249	0.0244	0.0031	0.3848	0.4777	0.0	0.0	2260.3347	571.0733	1.3228	92	98.9247311827957	0.883	50.4085	15.46	2.6412	5.83	5.91	5.91	647.19	4391.91	4153.02	3196.14	192.2518	4.4478	25.2052	7.0	874232.0	2.0	94.0	85.6482	12.1999	142.3298	474.0676	384.0	174344.0	208.0	1086.0	306.1213	49.1643	51.8911	330.3444	314.0	49965.0	222.0	481.0	116.0273
sub-10_dwi	1	[0.0, 1000.0]	[1000.0]	0.0468	0.0299	0.0301	0.0109	0.4235	0.5175	0.0	0.0	1328.3981	327.6031	1.4202	62	98.41269841269842	0.8701	68.1997	15.9737	2.6412	3.18	3.36	3.36	843.64	6568.55	5648.17	4980.66	142.6375	5.9304	31.6634	8.0	853673.0	3.0	136.0	80.4715	11.3398	133.4342	417.5851	332.0	194903.0	150.0	1014.0	284.353	46.8452	51.8911	286.0885	269.0	51824.0	179.0	426.0	126.1222
sub-11_dwi	1	[0.0, 1000.0]	[1000.0]	0.0527	0.0262	0.0255	0.007	0.403	0.4823	0.0	0.0	2068.9836	533.5836	1.1491	92	98.9247311827957	0.8316	44.4781	15.8437	2.6412	7.61	7.65	7.65	625.13	4500.85	3777.62	3209.92	165.3489	5.9304	27.5157	8.0	870185.0	3.0	114.0	83.7241	18.7368	127.5038	455.4284	385.0	178391.0	153.0	987.0	281.0943	40.0173	56.3389	352.7327	332.0	53421.0	227.0	517.0	154.3802
sub-12_dwi	1	[0.0, 1000.0]	[1000.0]	0.0504	0.0212	0.0194	0.0004	0.3806	0.4875	0.0	0.0	2270.2908	431.8471	2.0642	62	98.41269841269842	0.7678	48.9259	16.9445	3.7967	6.25	6.19	6.19	761.94	5927.19	5295.53	4404.22	305.0345	7.413	27.9088	8.0	877025.0	2.0	113.0	84.0188	10.3908	170.4993	492.756	390.0	171551.0	130.0	1214.0	346.1223	42.1102	62.2693	343.8357	315.0	44289.0	217.0	535.0	160.6654
sub-13_dwi	1	[0.0, 1000.0]	[1000.0]	0.2011	0.0884	0.0716	0.0184	0.4034	0.4957	0.0	0.0	1733.6168	412.8071	4.6223	62	98.41269841269842	0.8344	38.5477	16.1489	2.8063	7.07	7.54	7.54	858.5	6378.66	5626.86	4930.28	162.9243	5.9304	29.0075	9.0	865570.0	3.0	116.0	78.3809	8.0934	155.6732	485.0984	382.0	183006.0	176.0	1167.0	318.4315	43.7618	60.7867	322.6539	308.0	47222.0	191.0	466.0	136.2581
sub-14_dwi	1	[0.0, 1000.0]	[1000.0]	0.4658	0.1624	0.1386	0.0072	0.4471	0.4811	0.0	0.0	4643.627	1410.2852	3.9419	92	98.9247311827957	0.7845	68.1997	9.658	1.9809	6.48	6.38	6.38	877.1	4912.87	4252.41	3867.53	134.78	4.4478	23.6749	5.0	371899.0	1.0	111.0	62.087	25.2118	121.5734	410.5817	372.0	103237.0	118.0	763.0	226.3048	24.2993	62.2693	352.8645	326.0	23523.0	241.0	535.0	138.1464
sub-15_dwi	1	[0.0, 1000.0]	[1000.0]	0.0635	0.0326	0.0332	0.0103	0.3539	0.4542	0.0	0.0	2323.8967	523.5375	1.4906	62	98.41269841269842	0.6961	37.0651	14.8621	2.3111	7.47	7.41	7.41	629.03	4935.13	4402.28	3789.02	144.7996	4.4478	20.7908	7.0	905600.0	2.0	84.0	55.2932	15.1587	149.7428	467.8417	367.0	142976.0	187.0	1104.0	314.0081	48.1825	53.3737	315.8281	295.0	32720.0	211.0	470.0	132.5025
sub-16_dwi	1	[0.0, 1000.0]	[1000.0]	0.0346	0.0176	0.0176	0.0026	0.4225	0.4949	0.0	0.0	1753.8005	448.2522	1.0261	92	98.9247311827957	0.76	52.6324	15.6877	2.6412	4.88	5.13	5.13	707.74	4520.54	3988.94	3398.94	181.8857	5.9304	27.1643	8.0	865125.0	2.0	109.0	78.1398	17.653	128.9864	411.6239	355.0	183451.0	179.0	823.0	233.6899	58.7128	48.9259	308.0589	287.0	51247.0	210.0	450.0	121.9687
sub-18_dwi	1	[0.0, 1000.0]	[1000.0]	0.208	0.0888	0.0764	0.0096	0.4647	0.4929	0.0	0.0	3996.5813	1319.6805	1.48	92	98.9247311827957	0.8521	42.2542	9.0137	1.6508	8.63	8.68	8.68	915.35	4907.07	4397.25	3998.79	146.4866	4.4478	25.2914	5.0	369041.0	1.0	112.0	72.589	30.6227	115.643	405.2249	370.0	106095.0	179.0	728.0	197.0877	30.4944	59.3041	352.5635	328.0	25311.0	251.0	515.0	122.1825
sub-20_dwi	1	[0.0, 1000.0]	[1000.0]	0.3786	0.2029	0.2191	0.017	0.4024	0.4815	0.0	0.0	1844.5046	558.9058	6.4329	92	98.9247311827957	0.8624	40.0303	15.6119	2.3111	7.26	7.53	7.53	670.27	4654.42	4075.57	3305.09	346.1784	5.9304	25.6277	8.0	859256.0	2.0	99.0	79.4431	17.6868	133.4342	445.3143	362.0	189320.0	171.0	1029.0	292.8065	55.3282	54.8563	317.3059	300.0	54215.0	212.0	455.0	122.7634
sub-21_dwi	1	[0.0, 1000.0]	[1000.0]	0.12	0.0467	0.0415	0.0093	0.4129	0.5164	0.0	0.0	1497.6221	375.9024	3.349	62	98.41269841269842	0.959	50.4085	16.2137	2.9714	6.08	6.19	6.19	944.73	7047.14	6124.83	5464.1	206.4504	7.413	35.3165	9.0	841865.0	3.0	123.0	117.3911	9.4723	148.2602	490.6483	374.0	206711.0	202.0	1238.0	341.8297	54.2551	59.3041	332.1482	311.0	64360.0	220.0	489.0	134.0177
sub-22_dwi	1	[0.0, 1000.0]	[1000.0]	0.0785	0.0362	0.0322	0.002	0.3742	0.4678	0.0	0.0	2210.1597	525.1649	1.6326	92	98.9247311827957	0.1454	44.4781	15.1914	2.3111	6.16	6.22	6.22	559.58	4048.01	3520.35	2924.44	336.0091	4.4478	23.2642	7.0	890967.0	2.0	96.0	69.5625	17.3977	137.882	442.9917	368.0	157609.0	87.0	999.0	295.1436	42.587	56.3389	339.6523	317.0	36651.0	226.0	505.0	142.4898
sub-23_dwi	1	[0.0, 1000.0]	[1000.0]	0.2213	0.0321	0.0236	0.0033	0.3742	0.4754	0.0	0.0	2214.9365	506.8734	2.5652	92	98.9247311827957	0.8628	40.0303	15.014	2.3111	7.24	7.39	7.39	622.5	4288.21	3943.0	3179.08	231.021	4.4478	24.5768	7.0	882442.0	2.0	88.0	87.0857	9.2028	128.9864	473.7137	371.0	166134.0	208.0	1156.0	308.3239	54.3262	51.8911	329.4392	314.0	39462.0	230.0	452.0	114.2294
sub-24_dwi	1	[0.0, 1000.0]	[1000.0]	0.0382	0.0123	0.0105	0.0016	0.4048	0.4883	0.0	0.0	1840.3893	460.0817	0.774	91	97.84946236559139	0.779	41.5129	14.8831	2.3111	6.48	6.65	6.65	662.74	4450.97	4082.14	3230.93	154.5699	4.4478	24.6538	7.0	872775.0	2.0	99.0	74.2468	18.814	121.5734	406.7594	344.0	175801.0	181.0	863.0	245.133	41.8427	54.8563	305.2002	288.0	51646.0	206.0	443.0	116.7412
sub-25_dwi	1	[0.0, 1000.0]	[1000.0]	0.1522	0.061	0.048	0.0011	0.463	0.4874	0.0	0.0	3112.2131	891.0414	1.5089	92	98.9247311827957	0.679	29.652	9.1129	1.6508	9.33	9.46	9.46	828.63	5002.66	4177.09	3810.43	72.8611	4.4478	23.665	5.0	379406.0	1.0	105.0	53.8353	24.8863	93.4039	353.4553	327.0	95730.0	124.0	631.0	167.0542	22.0833	44.4781	308.9851	291.0	22920.0	222.0	449.0	102.0641
sub-26_dwi	1	[0.0, 1000.0]	[1000.0]	0.0702	0.0364	0.0403	0.0015	0.4135	0.4903	0.0	0.0	2029.6456	512.6115	2.3716	62	98.41269841269842	0.8046	72.6475	17.4388	2.6412	4.91	4.99	4.99	797.74	6173.27	5696.61	4668.71	280.4156	5.9304	29.8479	8.0	860898.0	3.0	123.0	86.0508	11.5857	126.0212	485.2446	400.0	187678.0	184.0	1097.0	297.6865	56.779	51.8911	369.7672	354.0	54598.0	263.0	499.0	123.1498
sub-27_dwi	1	[0.0, 1000.0]	[1000.0]	0.1507	0.1041	0.1131	0.0317	0.3743	0.4652	0.0	0.0	2465.1809	584.5598	1.9242	92	98.9247311827957	0.8245	29.652	14.9745	2.3111	8.71	9.01	9.01	598.31	4154.33	3862.93	3097.04	164.085	4.4478	21.0251	7.0	877556.0	2.0	84.0	65.1879	11.6035	133.4342	450.5335	357.0	171020.0	186.0	1113.0	305.696	87.4924	47.4433	302.6004	290.0	43764.0	210.0	422.0	100.9614
sub-28_dwi	1	[0.0, 1000.0]	[1000.0]	0.3127	0.1553	0.1433	0.0434	0.3696	0.4823	0.0	0.0	1942.3658	435.2496	5.6327	62	98.41269841269842	0.8394	32.6172	15.5972	2.4761	7.63	7.81	7.81	814.82	6057.01	5485.41	4574.73	235.6227	5.9304	29.6231	8.0	878760.0	3.0	112.0	98.5474	3.0394	170.4993	519.1615	369.0	169816.0	171.0	1433.0	388.4788	55.1528	50.4085	296.0794	282.0	43148.0	202.0	428.0	102.8929
sub-30_dwi	1	[0.0, 1000.0]	[1000.0]	0.0378	0.0218	0.0213	0.0028	0.3799	0.4606	0.0	0.0	2111.9204	536.0703	0.8053	61	96.82539682539682	0.4711	44.4781	15.0538	2.3111	5.41	5.57	5.57	680.0	5281.96	4832.43	4067.07	207.3649	4.4478	22.0206	7.0	901412.0	2.0	84.0	71.5264	24.125	126.0212	397.211	351.0	147164.0	124.0	798.0	227.5298	31.2983	53.3737	298.5458	287.0	36424.0	183.0	441.0	108.8508
sub-31_dwi	1	[0.0, 1000.0]	[1000.0]	0.1059	0.0617	0.0583	0.0183	0.3848	0.4756	0.0	0.0	2007.4896	490.8567	2.1276	92	98.9247311827957	0.8528	37.0651	15.3583	2.3111	7.02	7.11	7.11	610.6	4292.15	3731.68	3240.11	149.3941	4.4478	21.7004	7.0	877840.0	2.0	94.0	58.8924	11.333	139.3646	430.2405	342.0	170736.0	181.0	1032.0	287.6403	43.245	50.4085	295.8228	271.0	51081.0	191.0	468.0	139.0281
sub-32_dwi	1	[0.0, 1000.0]	[1000.0]	0.0675	0.022	0.0217	0.0058	0.3782	0.4809	0.0	0.0	1763.8516	419.4857	1.5211	62	98.41269841269842	0.5492	31.1346	14.6454	2.3111	6.71	6.89	6.89	693.03	5696.61	5059.14	4260.84	196.3138	4.4478	20.187	7.0	879388.0	2.0	75.0	61.3608	14.0532	124.5386	388.1365	312.0	169188.0	151.0	938.0	267.4935	40.0911	48.9259	264.0162	248.0	47751.0	168.0	398.0	110.6973
sub-33_dwi	1	[0.0, 1000.0]	[1000.0]	0.0969	0.0339	0.0289	0.0027	0.3604	0.4533	0.0	0.0	2630.0312	595.4741	2.21	92	98.9247311827957	0.8229	36.3238	14.1389	2.3111	6.79	6.95	6.95	562.72	3866.87	3420.59	2979.57	182.7372	4.4478	18.6296	6.0	898540.0	2.0	74.0	57.7813	10.5404	127.5038	434.9695	350.0	150036.0	172.0	1028.0	277.9053	49.0667	48.9259	307.0578	291.0	37968.0	211.0	442.0	114.0848
sub-34_dwi	1	[0.0, 1000.0]	[1000.0]	0.0511	0.0232	0.0221	0.005	0.4081	0.4909	0.0	0.0	2207.1604	499.1969	1.5604	92	98.9247311827957	0.6082	42.9955	15.8032	2.6412	6.93	7.06	7.06	734.85	4867.06	4158.27	3519.04	182.2334	5.9304	28.0855	8.0	857909.0	3.0	120.0	80.2737	12.1043	143.8124	492.8868	400.0	190667.0	171.0	1123.0	308.9554	47.3257	56.3389	358.3012	333.0	49916.0	247.0	512.0	152.5019
sub-35_dwi	1	[0.0, 1000.0]	[1000.0]	0.2357	0.0387	0.0279	0.0015	0.3862	0.4666	0.0	0.0	2552.959	622.9553	4.1017	92	98.9247311827957	0.6283	47.4433	15.6821	2.6412	6.73	6.66	6.66	613.57	4154.33	3651.61	3126.58	264.6545	5.9304	23.0045	8.0	874339.0	3.0	90.0	70.1733	22.7556	139.3646	458.9628	396.0	174237.0	193.0	899.0	281.4362	44.5672	62.2693	359.0255	333.0	47385.0	241.0	542.0	143.5307
sub-36_dwi	1	[0.0, 1000.0]	[1000.0]	0.0782	0.029	0.0278	0.0012	0.4498	0.4916	0.0	0.0	3705.0466	978.3666	1.0165	92	98.9247311827957	0.8102	40.0303	8.8753	1.6508	7.37	7.59	7.59	924.94	5072.19	4365.38	3878.69	121.9431	4.4478	23.0973	5.0	378079.0	1.0	102.0	64.5063	12.1763	106.7474	387.369	350.0	97057.0	142.0	733.0	188.1173	24.3897	44.4781	321.2692	300.0	21512.0	230.0	476.0	112.0227
sub-37_dwi	1	[0.0, 1000.0]	[1000.0]	0.1928	0.097	0.1018	0.0198	0.3649	0.4755	0.0	0.0	2161.4534	494.5694	2.9003	92	98.9247311827957	0.8104	31.1346	15.2488	2.3111	7.9	8.08	8.08	587.22	4004.69	3859.0	3127.23	255.7606	4.4478	22.3461	7.0	880428.0	2.0	91.0	70.7157	9.7062	142.3298	463.664	350.0	168148.0	160.0	1219.0	338.4917	29.9095	51.8911	293.1107	281.0	43676.0	173.0	452.0	116.0874
sub-38_dwi	1	[0.0, 1000.0]	[1000.0]	0.0384	0.0174	0.0139	0.0017	0.3821	0.4721	0.0	0.0	1870.4128	468.5486	1.1285	62	98.41269841269842	0.8023	38.5477	14.7832	2.3111	7.12	7.59	7.59	606.37	4923.5	4681.3	3871.37	265.932	4.4478	22.752	7.0	897174.0	2.0	95.0	69.3404	15.9944	108.23	392.576	331.0	151402.0	135.0	859.0	244.5222	40.7494	53.3737	309.7656	293.0	43993.0	198.0	456.0	127.6995
sub-40_dwi	1	[0.0, 1000.0]	[1000.0]	0.1428	0.0513	0.0478	0.008	0.4332	0.5071	0.0	0.0	1673.428	417.0318	1.7172	92	98.9247311827957	0.6629	60.7867	18.199	2.9714	5.03	5.04	5.04	701.87	4622.92	4205.52	3541.35	74.1183	7.413	33.4212	9.0	853298.0	3.0	148.0	75.1448	10.1381	142.3298	488.5547	399.0	195278.0	196.0	1104.0	303.1275	41.2613	63.7519	360.2748	341.0	54218.0	235.0	528.0	138.6334
sub-41_dwi	1	[0.0, 1000.0]	[1000.0]	0.3928	0.2225	0.1994	0.0177	0.4248	0.4774	0.0	0.0	2372.5171	723.9346	6.867	62	98.41269841269842	0.6778	63.0106	17.74	2.9714	6.48	6.53	6.53	859.38	6533.67	5677.24	4821.78	214.6217	5.9304	31.2557	9.0	848553.0	3.0	134.0	89.8597	21.8885	148.2602	522.8063	453.0	200023.0	219.0	1045.0	304.578	54.6981	69.6823	422.2294	398.0	58295.0	292.0	598.0	159.5053
sub-43_dwi	1	[0.0, 1000.0]	[1000.0]	0.0444	0.0245	0.0248	0.0071	0.4195	0.4904	0.0	0.0	2006.2471	505.7621	1.0547	61	96.82539682539682	0.8463	59.3041	15.9879	2.6412	5.54	5.76	5.76	792.23	6082.2	5564.86	4704.55	165.9187	5.9304	27.1837	8.0	860972.0	2.0	110.0	78.0129	22.342	117.1256	429.9919	378.0	187604.0	127.0	858.0	249.3885	42.2938	57.8215	351.923	338.0	50786.0	230.0	494.0	131.5085
sub-44_dwi	1	[0.0, 1000.0]	[1000.0]	0.036	0.0184	0.018	0.0013	0.4054	0.4971	0.0	0.0	2115.6765	501.5122	1.3266	92	98.9247311827957	0.7654	42.2542	15.7655	2.6412	6.69	6.76	6.76	721.96	5176.83	4166.14	3447.5	186.0284	5.9304	26.8892	8.0	853716.0	3.0	109.0	84.8663	13.3343	136.3994	466.7611	376.0	194860.0	201.0	1089.0	302.1709	103.8621	56.3389	325.3893	313.0	54238.0	217.0	457.0	114.1498
sub-45_dwi	1	[0.0, 1000.0]	[1000.0]	0.0534	0.0267	0.0256	0.0055	0.3937	0.4905	0.0	0.0	1871.3129	471.2081	1.4528	92	98.9247311827957	0.1018	38.5477	16.5046	2.6412	8.41	8.66	8.66	607.85	4450.97	3801.24	3287.37	357.57	5.9304	26.9061	8.0	869601.0	2.0	107.0	78.816	11.8135	136.3994	467.9704	376.0	178975.0	145.0	1123.0	315.9143	50.0905	57.8215	339.07	323.0	50966.0	212.0	487.0	141.5034
