trans_x	trans_y	trans_z	rot_x	rot_y	rot_z	dvars_std	dvars_nstd	dvars_vstd	framewise_displacement	aqi	aor
0.0	-0.0	0.0	-0.0	0.0	-0.0	n/a	n/a	n/a	n/a	0.00673896	0.00937
-0.0146	-0.0456	0.1808	-0.0005515240436302081	-0.00014137166941154068	-0.0005096361415823442	1.54680109	39.00457382	1.29345725	0.3011265927312047	0.00672662	0.00753
-0.013	-0.0815	0.2106	-0.0013631021458075715	-0.0001239183768915974	-0.0004537856055185257	1.23498869	31.14182281	1.04614527	0.11154409653805628	0.0102626	0.0102
0.0018	-0.0174	0.2379	-0.001801179788058148	-0.00026354471705114377	-0.0006300638599699529	1.11957765	28.23158455	0.99957602	0.14389911184307752	0.00836349	0.0052
0.0031	-0.0461	0.2037	-0.002659881780039358	-0.00013962634015954637	-0.0006073745796940267	1.03893793	26.19815063	0.97575957	0.11446548245743668	0.00562042	0.00076
0.0286	0.0065	0.2092	-0.005686282702997525	0.0011187560505283654	-0.0005480333851262194	1.67107368	42.1382637	1.38689802	0.3008062254106943	0.011824	0.02572
0.0176	0.0648	0.2578	-0.007658504757751118	0.0004415683007545654	-0.00013439035240356338	1.44128299	36.34379959	1.21627416	0.27105264186250244	0.0145912	0.04029
-0.0186	0.0657	-0.003	1.0471975511965975e-05	0.00017976891295541595	5.061454830783555e-05	2.40120268	60.54940414	1.78643814	0.7036890510886815	0.00665748	0.00168
-0.0161	0.0201	0.0437	-0.0005602506898901797	-3.665191429188092e-05	-3.490658503988659e-05	0.99389708	25.06238937	0.94700169	0.13843323129985824	0.00345731	0.00044
0.0084	-0.0919	0.0306	-0.0008691739674931761	2.268928027592628e-05	5.061454830783555e-05	1.0654285	26.86614609	0.97151463	0.17228928027592627	0.00449759	0.00032
0.0183	-0.1129	0.2205	4.363323129985824e-05	-0.0006510078109938849	-0.0011100294042683937	1.65080011	41.62704086	1.32543261	0.35815741213195373	0.0071069	0.0067
0.0171	0.0301	0.1989	2.6179938779914945e-05	-0.0007749261878854823	-0.0009040805525330626	1.33394909	33.63723755	1.1630106	0.1831660260573436	0.00464636	0.0006
0.015	0.0075	0.1553	-4.18879020478639e-05	-0.0007696902001294993	-0.0008360127117052838	0.94198912	23.75346375	0.91303176	0.07536858347057702	0.0039798	0.00018
-0.0002	-0.0693	0.1528	-4.537856055185256e-05	-0.0008011061266653974	-0.0008168140899333463	1.03773105	26.16771889	0.96218727	0.09720526034059121	0.00621194	0.00032
-0.0055	-0.0661	0.1957	-0.0004485496177625427	-0.0008395033702092724	-0.000778416846389471	1.00721681	25.39826393	0.9489601	0.07539827721492205	0.00411612	0.00025
0.003	-0.0124	0.2015	-0.0005899212871740833	-0.0008517206749732328	-0.0007155849933176752	0.89122707	22.47343254	0.89646209	0.07882104136236483	0.0040372	0.00018
0.006	-0.0281	0.1982	-0.0006126105674500097	-0.0008115781021773631	-0.0006527531402458793	0.8283093	20.88688087	0.86730251	0.028283185307179624	0.00456256	0.00014
0.0064	-0.0356	0.1944	-0.0006597344572538566	-0.0008133234314293575	-0.0006422811647339132	0.84614438	21.33661461	0.87739027	0.014667059728390369	0.00384849	7e-05
0.0007	-0.0331	0.1823	-0.0009634217471008699	-0.0006998770300497262	-0.0005742133239061344	0.82526207	20.81004143	0.86257993	0.04456007660272117	0.00359344	9e-05
0.0072	0.0022	0.1815	-0.0008621926504851988	-0.0008342673824532895	-0.0005166174585903216	0.87816143	22.14396667	0.89169621	0.05726076571675236	0.00330991	0.00012
0.0026	-0.1476	0.1041	0.001912880860185785	-0.001155407964820246	-9.075712110370512e-05	1.96916759	49.65508652	1.52863451	0.40790372152622795	0.00965601	0.02855
0.0376	-0.0358	0.222	0.004272566008882118	-0.0009512044423369096	0.00019024088846738194	2.66215324	67.12960815	1.98549379	0.4069443340375378	0.0145741	0.049
0.0193	0.0427	0.2321	0.0015166911199830724	-0.0010157816246606998	-0.0006265732014659643	1.73735297	43.80958176	1.41493862	0.2887633080578091	0.00678605	0.0035
-0.0271	-0.0082	-0.0466	-0.003478441199224699	-3.141592653589793e-05	-0.0013439035240356337	2.50228214	63.09825134	1.85676787	0.7108414169951122	0.00776029	0.01402
-0.0345	0.0234	0.0147	-0.004075343803406759	0.00010471975511965978	-0.0014922565104551516	1.08361912	27.32484436	1.0549426	0.1443695636128568	0.00685757	0.0056
-0.0022	0.0216	0.1062	-0.0005881759579220891	-0.0001361356816555577	0.0003106686068549907	1.60937941	40.58256531	1.32523044	0.4021474199785015	0.00257367	0.00037
0.0007	0.0018	0.0846	-0.0015219271077390555	-0.00015009831567151235	0.00034557519189487725	0.93252438	23.51479721	0.92815523	0.0934310184436404	0.00247526	7e-05
-0.0023	-0.0489	0.0798	-0.0015899949485668342	-0.00015184364492350666	0.0003944444109507184	0.79355687	20.01055336	0.85670572	0.06443411945678071	0.00260478	0.00018
0.0013	-0.0521	0.092	-0.0017767451785302276	-9.948376736367679e-05	0.0004328416544945937	0.79239994	19.98138046	0.84828759	0.032875367553354934	0.00318938	7e-05
0.0081	-0.0216	0.1081	-0.0014974924982111347	-0.00015184364492350666	0.00042935099599060504	0.78278261	19.73886681	0.84398753	0.07015516081914559	0.0037387	0.00018
0.0089	-0.0225	0.0982	-0.0015515977050229591	-0.0001012290966156711	0.0003717551306747922	0.88583976	22.33758545	0.8756929	0.019715781021773644	0.00341398	0.00028
0.0033	-0.0368	0.0406	-0.0014887658519511632	-0.00017976891295541595	0.0004049163864626844	1.00784361	25.41407013	0.94708095	0.08622664625997165	0.00391698	0.00035
0.0081	-0.0415	0.0036	-0.001689478715930511	-0.0001658062789394613	0.0004049163864626844	1.00321543	25.29736328	0.93060503	0.05723377489976512	0.00406122	0.00051
0.0023	-0.0002	0.0049	-0.0020525072003453313	-0.00021642082724729686	0.0005218534463463045	0.97039527	24.46976089	0.93162378	0.0749290046303138	0.00496179	0.00032
0.001	0.0468	0.0039	-0.0022200588085367874	-0.0001064650843716541	0.0002181661564992912	0.87894773	22.16379356	0.89955181	0.07835973204570562	0.00502992	0.00048
-0.0035	0.058	0.0208	0.00027925268031909274	-2.4434609527920616e-05	-0.0005235987755982988	1.28884935	32.49998856	1.1007911	0.19875534478986015	0.00357032	0.00028
-0.076	0.2037	-0.1918	0.005707226654021458	-0.0005881759579220891	-0.0006335545184739417	2.16162777	54.50821686	1.68062678	0.7358835532486088	0.0172063	0.04923
-0.0132	-0.0276	-0.1253	0.0025080381351158514	-0.00029845130209103034	-0.0009651670763528643	1.80325329	45.47134399	1.43452343	0.5516262866307794	0.00738043	0.0023
-0.0141	-0.0284	-0.0785	0.002310815929640492	-0.0003874630939427412	-0.0010070549784007281	0.94713128	23.88312912	0.91724148	0.06490609496874669	0.00576258	0.00131
-0.0026	-0.0274	0.1493	-0.001403244718603441	-6.981317007977319e-05	0.00013264502315156904	1.781569	44.92454529	1.41435956	0.49887052868296	0.00437939	0.00159
0.0032	-0.0276	0.1717	-0.0016109388995907662	-9.599310885968811e-05	0.00010995574287564276	0.90656745	22.86026001	0.9073559	0.04122817000215832	0.00429571	0.00014
0.0209	-0.0031	0.1743	-0.0016022122533307947	-0.0002181661564992912	0.0001937315469713706	0.90379161	22.79026413	0.88464689	0.05553377489976514	0.00336647	0.00028
0.001	0.0099	0.2027	-0.0023788837704682713	-0.00017453292519943296	8.028514559173915e-05	1.03347969	26.06051445	0.96054316	0.10798755749084828	0.00477362	0.00028
-0.0047	-0.0207	0.1872	-0.0017400932642383465	-0.00014660765716752367	0.0001658062789394613	0.95074493	23.9742527	0.91756363	0.08941184538047779	0.00465512	0.00023
-0.0084	-0.0554	0.1824	-0.002033308578573394	-8.203047484373349e-05	0.0002495820830351891	0.83094579	20.95336342	0.88397123	0.06527841503772826	0.00383854	0.00014
0.0	-0.032	0.1907	-0.00205599785884932	-0.00019896753472735358	0.00027750735106709843	0.8283357	20.88754654	0.8669831	0.04847758040957279	0.00355899	0.00014
0.0024	-0.0232	0.1597	-0.0022026055160168437	-0.0002495820830351891	0.00033684854563490564	0.89778751	22.63886261	0.90173463	0.05502817000215832	0.00509453	7e-05
0.0157	0.0164	0.175	-0.002366666465704311	-0.0002495820830351891	0.0001972222054753592	0.91397506	23.04705238	0.91722654	0.08338436449235068	0.00428247	0.00016
0.012	0.0078	0.2145	-0.002267182698340634	-0.00028797932657906436	0.00024085543677521747	0.85450172	21.54735565	0.8704229	0.06087571211037053	0.00468886	0.00021
-0.0178	-0.0205	0.0145	0.0008883725892651138	0.00013439035240356338	-0.00038571776469074686	1.53634489	38.74090576	1.25511366	0.46832490840271696	0.00400442	0.00039
-0.0172	-0.0568	0.0218	0.0008691739674931761	6.981317007977319e-05	-0.00026878070480712676	0.8864907	22.35400009	0.89330118	0.054235643198967405	0.00479454	7e-05
0.0108	-0.0645	0.0307	0.00040317105721069014	9.250245035569947e-05	-0.0002565634000431664	0.82728273	20.86099434	0.86713883	0.06964547476611863	0.00338852	0.00014
0.0061	-0.0708	0.0064	-8.726646259971648e-06	0.0002530727415391778	-0.0002443460952792061	0.99313009	25.04304886	0.92973322	0.06453426497090502	0.00365752	0.00051
0.0001	0.0115	-0.0047	0.00016406094968746698	0.00022340214425527416	-0.0002443460952792061	1.00609434	25.36995888	0.95560907	0.10952290966156712	0.00458443	0.00018
0.0059	0.0071	0.0133	0.00029496064358704166	8.028514559173915e-05	-0.00021118483949131387	0.92791003	23.39844131	0.89609108	0.04355889741755009	0.00310409	0.00021
0.0114	-0.0341	0.0314	0.00022863813201125715	0.0002199114857512855	-0.00029845130209103034	0.84067208	21.19862366	0.8771932	0.07946076571675235	0.00293225	0.00028
0.0138	-0.0221	0.0653	0.00038397243543875244	0.00017104226669544429	-0.00013439035240356338	0.93196052	23.50057983	0.91252637	0.06671322360854016	0.00410932	0.00016
0.0078	-0.0015	0.0473	0.0003700098014227979	0.0001361356816555577	-9.075712110370512e-05	0.95685154	24.12823868	0.91074949	0.04922512251778497	0.00279975	0.00012
0.007	-0.0126	0.0389	0.00037524578917878077	0.00011693705988362007	-6.981317007977319e-05	0.89125842	22.47422409	0.87125826	0.022568928027592625	0.00314236	0.00016
0.0012	-0.0407	0.0217	0.00013264502315156904	0.00026354471705114377	1.5707963267948964e-05	0.84530044	21.31533432	0.86729822	0.07483647782712288	0.00287932	2e-05
0.0081	-0.0099	0.0644	0.0003682644721708035	0.0001256637061435917	-1.9198621771937625e-05	0.91938144	23.18338203	0.90237619	0.10082035224833366	0.00301403	0.00018
0.0037	0.0006	0.069	0.00019198621771937622	0.00019198621771937622	-2.4434609527920616e-05	0.83261544	20.99546623	0.86744086	0.03189183768915975	0.00281066	5e-05
0.0011	0.0061	0.1454	0.00048171087355043494	0.00022689280275926284	-0.00022863813201125715	1.05975056	26.72296906	0.96670779	0.11094173816771408	0.00338912	0.00014
-0.0047	-0.0243	0.1613	0.00039968039870670147	3.490658503988659e-05	-0.00020594885173533088	1.03514624	26.10253906	0.918154	0.0669352986419518	0.00355154	7e-05
-0.0036	-0.0424	0.1436	-8.552113334772214e-05	0.00021118483949131387	-0.0003473205211468716	1.03732765	26.157547	0.94610687	0.07704257279586957	0.00320864	0.00028
0.0029	-0.0246	0.141	-2.268928027592628e-05	0.00018675022996339323	-0.0002583087292951608	0.88109761	22.21800613	0.87991673	0.035713912722571385	0.00289136	5e-05
0.004	-0.014	0.1394	5.235987755982989e-05	0.0001675516081914556	-0.00021118483949131387	0.91605294	23.09944916	0.8988864	0.020368583470577024	0.00283301	7e-05
0.0092	-0.0039	0.1101	0.00023212879051524583	4.71238898038469e-05	-0.0002129301687433082	1.10316575	27.81773758	0.98810581	0.05969709802975095	0.00442475	0.00078
0.007	-0.023	0.0727	-0.00040666171571467877	0.0002565634000431664	-0.00029496064358704166	1.15257978	29.06377602	1.00935371	0.10521302456564888	0.00456476	0.00046
-0.0109	-0.021	0.1458	-0.0006003932626860494	0.0005148721293383271	-0.0006527531402458793	1.28371084	32.37041473	1.07852219	0.13349163864626848	0.0041098	0.00127
-0.0052	-0.0013	0.1538	-0.0004520402762665313	0.0003944444109507184	-0.00045902159327450867	1.14360964	28.83758163	1.02129574	0.056525612588924856	0.00334609	0.00016
0.0097	-0.0325	0.1535	-0.0006562437987498679	0.0003665191429188092	-0.00045553093477052	0.87837958	22.14946747	0.88370597	0.05818097245096172	0.0027442	2e-05
0.0143	-0.0383	0.1204	-0.0003054326190990077	0.00021467549799530252	-0.0003822271061867582	0.88388586	22.28831482	0.89612023	0.07229793265790643	0.00450623	7e-05
-0.0066	-0.0285	0.1554	-0.000645771823237902	0.00033684854563490564	-0.0002024581932313422	0.97534215	24.5945034	0.95435722	0.0978140582366957	0.00379902	0.00081
-0.0141	-0.0183	0.171	-0.0009878563566287904	0.0005410520681182421	-0.00017627825445142725	0.93198162	23.50111198	0.94887041	0.061923399732707	0.00387192	0.00048
0.0036	0.0165	0.1307	-7.67944870877505e-05	0.0002443460952792061	-0.00032637657012293966	0.9135803	23.03709793	0.93473584	0.1606933079025794	0.00268173	9e-05
0.0073	0.0094	0.1455	-7.853981633974481e-05	0.0001884955592153876	-0.0002600540585471551	0.77460617	19.53268814	0.85046544	0.03179591884457985	0.00357676	0.00012
0.0006	-0.0351	0.1374	-0.00019547687622336493	0.00022689280275926284	-0.0002897246558310587	0.86074305	21.70473862	0.87464393	0.06855024503556995	0.00306171	0.00016
0.0041	-0.0518	0.1087	-0.0003682644721708035	0.00032637657012293966	-0.0003438298626428829	0.79977077	20.16724586	0.85557987	0.06521882850614696	0.00325263	5e-05
0.0066	-0.0224	0.1095	-0.000466002910282486	0.000322885911618951	-0.00035430183815484887	0.85687512	21.60720444	0.88236258	0.03828505360638185	0.00302631	9e-05
0.0063	-0.0401	0.1269	-0.00045902159327450867	0.0003001966313430247	-0.0003385938748868999	0.81869096	20.64434242	0.86584223	0.037668928027592634	0.00283134	0.00012
-0.0161	-0.0118	0.0261	0.0027279496208671367	-6.632251157578452e-05	2.6179938779914945e-05	1.97437131	49.78630447	1.62804558	0.3474132085363635	0.0116824	0.03947
-0.0527	-0.012	-0.0222	0.0022322761133007477	-0.0001361356816555577	-0.0007400196028455958	1.9202733	48.42215347	1.57595625	0.15168431096358365	0.00742245	0.00182
-0.0186	-0.0196	-0.0271	-0.0012007865253720988	0.0002199114857512855	-0.0006754424205218055	1.51704788	38.25430679	1.23247164	0.239284349420174	0.0037359	0.00025
-0.0485	-0.0094	0.0174	-0.001785471824790199	0.00020769418098732522	-0.001064650843716541	1.03854835	26.18832779	0.97570097	0.1339055513688398	0.00370568	0.00021
-0.057	-0.0192	0.0417	-0.0015550883635269475	8.37758040957278e-05	-0.0007557275661135446	1.14150286	28.78445816	1.02859465	0.07576125578789225	0.00417995	0.00067
-0.0283	-0.0336	0.1073	-0.002892010570554604	0.0004433136300065597	-0.0006719517620178169	1.24566865	31.41113091	1.12137985	0.1977117918517108	0.00605339	0.00205
0.1041	0.0554	0.0935	-0.0026302111827554544	0.00019896753472735358	-0.00043458698374658803	1.26336598	31.85739136	1.17272264	0.2723755130674792	0.0049876	0.00177
0.0901	0.0525	0.1263	-0.003005456971934235	4.71238898038469e-05	-0.0004380776422505767	0.98689455	24.88581085	0.92640621	0.07622900463031379	0.00533533	0.00113
-0.0402	-0.0083	-0.0046	0.0003647738136668148	-0.00029496064358704166	0.00013962634015954637	1.64662528	41.52176666	1.33348687	0.536500965070103	0.00321776	0.00018
-0.0354	-0.0135	0.005	6.9813170079773176e-06	-0.0003612831551628262	0.00028623399732707005	0.92148739	23.23648643	0.90313176	0.04813613327010729	0.00300652	2e-05
0.0118	-0.0211	0.0034	-0.0001884955592153876	-0.0002897246558310587	-3.4906585039886588e-06	0.94229269	23.76111794	0.92860836	0.08423800156930955	0.00263476	9e-05
0.0212	-0.027	0.0246	0.0004677482395344803	-0.0005969026041820607	-0.000291469985083053	0.97930759	24.69449615	0.93424705	0.09907005368399667	0.00481051	5e-05
0.0061	-0.026	0.0567	0.0004014257279586958	-0.0005951572749300663	-0.0004886921905584122	1.02210295	25.77363586	0.95358035	0.06146450231515692	0.0025841	7e-05
0.0059	-0.0186	0.0768	0.00017802358370342162	-0.0005305800926062762	-0.00042236967898262774	0.84817213	21.38774681	0.86129898	0.045415091907742434	0.00259751	2e-05
-0.007	0.0028	0.1038	0.00032463124087094524	-0.0005166174585903216	-0.0004485496177625427	0.85824114	21.64165115	0.88101828	0.07063751149816967	0.00305802	0.00012
-0.0124	0.0007	0.1257	0.00015533430342749534	-0.0004136430327226561	-0.00042236967898262774	0.94443089	23.81503487	0.89541443	0.04432256510455152	0.00311017	9e-05
0.0211	-0.0316	0.0931	0.0006370451769779302	-0.0005951572749300663	-0.0003438298626428829	0.98129493	24.74460983	0.92672719	0.1354882466048795	0.00269222	2e-05
0.0195	-0.0581	0.0628	0.00040317105721069014	-0.0005846852994181004	-0.00030368728984701333	0.93322277	23.53240776	0.88994813	0.07262443340375378	0.00242805	5e-05
-0.0071	-0.0179	0.0862	0.00017802358370342162	-0.0005096361415823442	-0.00027576202181510406	0.95371872	24.04924011	0.90850145	0.10660609496874668	0.00251329	0.00014
-0.0336	-0.0049	0.0836	0.0003159045946109737	-0.0006161012259539982	-0.0003787364476827695	0.91497236	23.07220078	0.91547482	0.059466026057343566	0.00323403	0.00025
0.0061	-0.0043	0.0659	0.0005689773361501514	-0.0005689773361501514	-0.0003159045946109737	0.86045492	21.69747353	0.87713981	0.07615142422074099	0.00375372	7e-05
0.0031	-0.0021	0.1	0.0005567600313861911	-0.0005951572749300663	-0.00014486232791552936	0.78283894	19.74028778	0.84939984	0.04977197551196597	0.00369787	5e-05
-0.0037	-0.0257	0.0807	0.0004572762640225143	-0.0005393067388662478	-0.00015533430342749534	0.79102129	19.94661522	0.84750648	0.05799031394697306	0.00242001	5e-05
-0.006	-0.0067	0.077	0.000291469985083053	-0.0004799655442984406	-0.00030194196059501896	0.78237301	19.72853851	0.84971316	0.0435877565337396	0.0025354	2e-05
0.0079	-0.0937	0.1398	0.00035430183815484887	-0.0002548180707911721	-0.0001605702911834783	1.17392004	29.60189819	1.04622416	0.18516754979953023	0.00582755	0.00463
0.023	0.0065	0.0614	0.0003700098014227979	-0.00030368728984701333	-0.00024609142453120044	1.25809538	31.7244873	1.07181535	0.20120491578357563	0.00295311	9e-05
0.0096	0.0912	0.075	0.00039793506945470715	-0.0002548180707911721	-0.00030368728984701333	0.94313371	23.78232574	0.92771928	0.11841951762017816	0.00322688	0.00018
0.0068	0.1123	0.106	0.0005270894341022875	-0.00030194196059501896	-0.00024260076602721178	0.82672918	20.84703636	0.87258968	0.06676823891356143	0.00338382	0.0003
0.0031	-0.024	0.0517	0.0001239183768915974	-0.00022863813201125715	-0.00040317105721069014	1.06961238	26.97164726	1.00545779	0.22615225884889648	0.00277907	5e-05
0.0085	0.0069	-0.0199	0.0024975661596038853	-0.0003351032163829112	-0.00021642082724729686	1.57506144	39.7171936	1.23645388	0.2412431548523668	0.00720423	0.01142
-0.0001	-0.0174	-0.0449	0.004221951460574283	-0.00033684854563490564	0.0001064650843716541	1.73051155	43.63706589	1.34048161	0.16035082709206716	0.0099346	0.00983
0.0004	0.0098	0.0938	0.0028379053637427798	-0.0004974188368183839	5.235987755982989e-05	1.39028275	35.05776215	1.13056061	0.2463360797413403	0.00602359	0.0017
0.0035	-0.0485	0.1568	-0.002368411794956305	-0.00014311699866353502	-0.0002443460952792061	1.90357912	48.00118637	1.45025749	0.4172662484846485	0.00435108	0.00145
0.0101	-0.0542	0.1442	-0.0030072023011862297	0.00015009831567151235	-0.00043458698374658803	0.95699131	24.13176346	0.92866447	0.08101233545161769	0.00438344	0.00014
-0.0034	0.062	0.0084	-0.000731292956585624	0.0002024581932313422	-0.00015707963267948963	1.36450279	34.40768814	1.13476136	0.3957888286613767	0.00426328	0.00012
0.0002	0.0582	0.0147	-0.0009459684545809266	0.00023212879051524583	3.490658503988659e-05	0.94479799	23.82429314	0.91198805	0.03551661564992911	0.00342548	0.00044
0.0073	-0.0453	0.0258	-0.000783652834145454	8.552113334772214e-05	3.839724354387525e-05	1.05022752	26.48283386	0.96425794	0.13732069680534922	0.00279844	0.00014
0.0088	-0.0502	0.0341	-0.0007557275661135446	0.00012217304763960306	-5.759586531581287e-05	0.94171679	23.74659538	0.90319442	0.022728514559173924	0.00290656	0.00016
0.0064	-0.0226	0.0383	-0.0007452555906015787	0.00013962634015954637	-9.42477796076938e-05	0.82705772	20.85531998	0.88278884	0.03742885911618951	0.00390846	5e-05
0.0029	-0.0243	0.0179	-0.0011449359893082802	0.0002199114857512855	-7.853981633974481e-05	0.93510264	23.5798111	0.91308812	0.05038367537831948	0.00293559	5e-05
0.0015	0.0016	0.0281	-0.0009826203688728075	0.00017802358370342162	1.5707963267948964e-05	0.85537255	21.56931496	0.87872334	0.05242256510455152	0.00272846	9e-05
-0.0014	0.0116	0.0653	-0.0006928957130417488	0.0001256637061435917	-1.7453292519943294e-06	0.86665356	21.85378075	0.88596388	0.06807689129554159	0.00262976	9e-05
0.0002	-0.054	0.0515	-0.0008639379797371932	0.00017976891295541595	3.665191429188092e-05	0.90441966	22.80610085	0.92110801	0.0941772358525572	0.00305438	0.00018
-0.0067	-0.053	0.0562	-0.0010157816246606998	0.0002495820830351891	-8.203047484373349e-05	0.92910558	23.42858887	0.88871406	0.02961696020694471	0.00285608	0.00016
-0.0005	-0.0029	0.0559	-0.0011030480872604163	0.0001937315469713706	-0.00012217304763960306	1.01558423	25.60925865	0.94169818	0.06576297857297023	0.00271493	0.00018
-0.0012	0.0036	0.0362	-0.0009773843811168245	9.599310885968811e-05	1.7453292519943294e-06	0.9062627	22.8525753	0.88955429	0.04426602605734358	0.00286937	5e-05
-0.0	-0.0299	0.0493	-0.001129228026040331	0.0001308996938995747	-3.141592653589793e-05	1.01566863	25.61138535	0.9308057	0.05879557428756427	0.00282484	0.00012
-0.0005	-0.0149	0.0637	-0.0011013027580084218	0.00018500490071139895	3.316125578789226e-05	0.91128528	22.97922707	0.88574508	0.03723038285837618	0.00277311	0.00014
0.0158	-0.0996	-0.2688	0.0018360863730980347	-3.316125578789226e-05	-1.0471975511965975e-05	2.40653729	60.68392181	1.77026309	0.5934594259452801	0.0169255	0.05015
0.024	-0.03	-0.2434	0.001785471824790199	0.00020594885173533088	-0.0005951572749300663	2.55887485	64.5253067	1.9496159	0.1469204977624579	0.013379	0.04101
-0.0052	0.0567	-0.0699	0.0003769911184307752	9.250245035569947e-05	-0.0007801621756414653	1.95475984	49.29177475	1.5977309	0.3747466004225226	0.00457937	0.00163
-0.0076	0.0509	-0.0162	-0.00012042771838760874	2.792526803190927e-05	-0.0007452555906015787	1.04450238	26.33846664	0.95645584	0.09174513020910303	0.00331551	9e-05
0.0087	-0.0261	0.0067	-0.0004468042885105483	6.108652381980153e-05	-0.0008220500776893293	1.08536625	27.36890221	0.98961093	0.13801661564992915	0.00342613	0.00016
0.018	-0.0172	0.0367	-0.0006911503837897545	-5.93411945678072e-05	-0.0006003932626860494	0.98894924	24.93762207	0.92311145	0.07752153143350475	0.00279009	0.00012
0.009	-0.0056	0.0242	-0.0006544984694978735	-3.316125578789226e-05	-0.0005148721293383271	0.95711917	24.13498688	0.91954752	0.04051764932097592	0.0022822	5e-05
0.0069	-0.0026	0.0199	-0.00043458698374658803	-2.094395102393195e-05	-0.0003822271061867582	0.84896952	21.40785408	0.87291291	0.02763869068334073	0.00201744	5e-05
0.0051	-0.0377	0.0146	-0.0005462880558742252	-3.665191429188092e-05	-0.0004468042885105483	0.84582758	21.32862663	0.88272247	0.05179931088596881	0.00232571	5e-05
-0.0091	-0.0378	0.0381	-0.001054178868204575	5.759586531581287e-05	-0.0004956735075663896	0.90154397	22.73358727	0.9025263	0.07035039054969425	0.00336528	7e-05
-0.0078	0.0085	0.0752	-0.001446877949903299	9.075712110370512e-05	-0.0005323254218582705	0.86504674	21.81326294	0.87778455	0.10782561258892484	0.00272888	5e-05
-0.0001	-0.0017	0.0525	-0.0015376350710070042	0.0001064650843716541	-0.0005270894341022875	0.86230612	21.74415398	0.8825889	0.04618505360638185	0.00274152	0.00012
0.0105	-0.0403	0.0503	-0.0016964600329384882	0.00010821041362364843	-0.000598647933434055	0.87411982	22.04205132	0.90324122	0.06300643952576229	0.00270063	9e-05
0.0056	-0.0423	0.0449	-0.0019355701404617114	0.0002251474735072685	-0.0006422811647339132	0.88980716	22.43762779	0.89609862	0.03228401993533507	0.00304496	7e-05
-0.0077	-0.1938	-0.5347	0.006161012259539982	-9.42477796076938e-05	0.0010524335389525807	3.47441101	87.61172485	2.54673571	1.2499346178401571	0.0336466	0.13728
0.0156	-0.1165	-0.1332	-0.0003001966313430247	0.00046425758103049166	0.0006318091892219474	2.79350352	70.44177246	2.15211319	0.8741169300625912	0.00762916	0.00341
0.0282	0.2426	0.4843	-0.006913249167149539	0.000312413936106985	-0.0017348572764823637	3.92075634	98.86689758	2.9021266	1.4457781323217167	0.0270483	0.15241
0.027	0.2424	0.5551	-0.0075782196121593785	0.0001186823891356144	-0.0017313666179783749	1.56597912	39.48817062	1.42981091	0.11530963252426	0.0249227	0.1006
0.0115	-0.0002	0.0015	0.00010297442586766544	-0.00016231562043547262	0.0007033676885537148	3.37609482	85.13256073	2.47066654	1.3315463177065112	0.00578564	0.00477
0.0115	-0.0282	0.0736	-0.0003892084231947355	-0.00017278759594743863	0.0005724679946541401	1.19392443	30.10633469	1.08667738	0.13177772592369708	0.00239456	7e-05
-0.0011	-0.0803	0.0645	-0.0008499753457212384	-0.000158824961931484	0.0005811946409141118	0.99427629	25.07195091	0.93141604	0.09797281014012145	0.00224501	0.00014
-0.0051	-0.0718	0.086	-0.0008325220532012951	-0.000148352986419518	0.0006998770300497262	0.926512	23.36318779	0.90540076	0.041330382858376175	0.00399685	0.00028
-0.0169	-0.0251	0.0105	0.0009704030641088471	-5.759586531581287e-05	0.0008115781021773631	1.54642391	38.99505997	1.25555652	0.2342691655270742	0.00721544	0.00854
0.0149	-0.0168	-0.0026	0.000895353906273091	-4.886921905584123e-05	0.0013578661580515882	1.56678116	39.50839615	1.25532118	0.08470319299849763	0.00456297	0.00037
0.0314	0.0131	0.043	0.0005340707511102648	-0.00017627825445142725	0.0010471975511965976	1.09130061	27.51854324	0.9708669	0.13196803987067013	0.00424731	7e-05
0.0298	0.001	0.0406	0.00029845130209103034	-0.0001605702911834783	0.0011379546723003027	0.93096238	23.47541046	0.89011253	0.03320422666954442	0.00262946	7e-05
-0.0145	-0.0684	-0.076	0.0024731315500759648	-7.155849933176751e-05	0.0010838494654884787	1.65651524	41.77115631	1.35253591	0.34618986233242344	0.0100586	0.02243
0.0023	-0.0488	-0.0974	0.0029199358385865134	-0.000593411945678072	0.0018256143975860688	1.57790899	39.78899765	1.30537343	0.14332113334772217	0.00886434	0.00923
0.0633	0.0811	0.0546	-0.0003385938748868999	-0.0005288347633542819	0.0010733774899765126	1.77118564	44.66271591	1.41293673	0.5466671901703379	0.00449395	0.00304
0.091	0.1022	-0.0203	-0.00045902159327450867	-0.0009529497715889039	0.0011257373675363424	1.07870579	27.20095062	0.99157067	0.15354513020910304	0.00660181	0.00382
0.028	-0.0147	-0.0203	-0.000879645943005142	-0.0011100294042683937	0.00147131255943122	1.11959684	28.23207092	1.02715906	0.22606395871525004	0.00510842	0.0018
0.0104	-0.0323	-0.0207	-0.0013665928043115599	-0.0009634217471008699	0.0011257373675363424	1.02178001	25.76549149	0.94035521	0.08455648551844094	0.00526571	0.00097
-0.013	-0.0336	-0.0003	-0.001509709802975095	-0.0010105456369047167	0.001410226035611418	0.94728851	23.8870945	0.90944022	0.06883647782712286	0.00593019	0.0026
-0.0169	-0.0239	0.0194	-0.0016702800941585732	-0.0009075712110370514	0.0013212142437597075	0.84693605	21.35657883	0.86580287	0.050927825445142696	0.00468248	0.00136
0.0024	-0.011	0.0143	-0.00182212373908208	-0.000947713783832921	0.0012356931104119853	0.85908204	21.66285515	0.88425506	0.05117536755335493	0.00437731	0.0014
-0.0072	-0.0231	0.0185	-0.001726130630222392	-0.0010506882097005862	0.001129228026040331	0.94050235	23.7159729	0.90478573	0.04117163095495037	0.00410974	0.00076
-0.0582	-0.0899	-0.0403	-0.0006963863715457374	-0.0006579891280018621	0.0002722713633111154	1.32298565	33.36077881	1.12669205	0.29057000015522966	0.00570309	0.00325
-0.0989	-0.0483	-0.0004	0.0013264502315156904	-0.00019024088846738194	-0.0009896016858807848	1.56734562	39.52262878	1.27703483	0.3098228945893904	0.00461531	0.0021
-0.037	0.0422	0.1254	0.0008464846872172499	-0.00028623399732707005	-0.001117010721276371	1.39077199	35.07009888	1.17848759	0.31336838442768566	0.00459343	0.00044
-0.0321	0.0318	0.1322	0.00023212879051524583	-0.00034208453339088857	-0.0010943214410004448	1.02390981	25.81919861	0.95529111	0.056744785652087446	0.00334471	0.00012
0.0207	-0.0687	0.1278	-1.9198621771937625e-05	-0.00041713369122664475	-0.0011274826967883368	1.02900946	25.94779396	0.95000378	0.17567689129554157	0.00403452	0.00018
0.0153	-0.0404	0.1384	-0.0006510078109938849	-0.0005707226654021458	-0.0010681415022205296	1.01587594	25.6166153	0.92286451	0.0865369678982628	0.00342053	0.00016
-0.005	0.0343	0.1606	-0.0009546951008408983	-0.00043458698374658803	-0.0010088003076527223	0.99661583	25.13094521	0.94769088	0.1421582083035189	0.00325918	0.00012
-0.0036	0.0476	0.1806	-0.0012007865253720988	-0.0003316125578789226	-0.0010262536001726657	1.03212571	26.02637291	0.93149728	0.05302595714594048	0.00543284	0.00018
0.0024	0.0017	0.2132	-0.001085594794740473	-0.0004886921905584122	-0.0010245082709206715	0.92721432	23.38089752	0.9146063	0.09820083462815549	0.00548607	0.00016
0.0087	-0.0043	0.2383	-0.001228711793404008	-0.0005288347633542819	-0.00102799892942466	0.89930338	22.67708778	0.90330694	0.04673751149816968	0.0053845	9e-05
0.0062	-0.0698	0.234	-0.0014905111812031574	-0.00039793506945470715	-0.0010890854532444615	0.88750637	22.37961006	0.8898304	0.09498928027592628	0.00451291	0.00021
0.0072	-0.0686	0.2517	-0.0014556045961632708	-0.0005358160803622592	-0.0010314895879286487	0.846735	21.35150909	0.8795542	0.03141917306316255	0.00482881	0.00025
0.0058	0.0076	0.2492	-0.0014748032179352085	-0.00042411500823462205	-0.0009389871375729493	0.97907788	24.68870354	0.93345145	0.09127010721276368	0.00572914	0.00016
0.0106	-0.0018	0.2517	-0.0019181168479417679	-0.0005218534463463045	-0.0009721483933608416	0.96854258	24.4230423	0.91731427	0.04541066619530668	0.00603199	0.00041
0.0067	-0.0546	0.1834	-0.0019181168479417679	-0.0004520402762665313	-0.0007539822368615504	1.09097028	27.51021385	0.9863703	0.13939896632895318	0.00513047	0.00039
0.0071	-0.0349	0.2546	-0.0020751964806212577	-0.0005637413483941684	-0.0008290313946973065	1.08599985	27.38487816	0.99058742	0.10849149313214412	0.00566673	0.00032
0.0104	0.0053	0.292	-0.0020699604928652747	-0.0006038839211900379	-0.0007906341511534313	0.85105449	21.46043015	0.87253621	0.08508879020478637	0.00615019	0.00025
0.0004	-0.0075	0.2743	-0.0022636920398366456	-0.00047647488579445195	-0.000757472895365539	0.81446999	20.53790474	0.8742703	0.05821509190774245	0.00601542	0.0003
0.0035	-0.0456	0.2922	-0.0021676989309769574	-0.0005969026041820607	-0.0007539822368615504	0.90770096	22.88884354	0.90011436	0.07009557428756431	0.0062629	0.00062
0.0021	-0.034	0.2837	-0.002097885760897184	-0.0005305800926062762	-0.0008011061266653974	0.89536697	22.57782555	0.87661428	0.030662978572970245	0.0057084	0.00032
0.0035	-0.0083	0.2396	-0.0019669860669976093	-0.0005742133239061344	-0.000932005820564972	0.91952759	23.18706703	0.90662239	0.08647163095495039	0.00504881	0.00018
-0.0032	-0.0057	0.2559	-0.0020996310901491783	-0.0005654866776461627	-0.0008517206749732328	0.88662142	22.35729599	0.89233558	0.036682840750164	0.00516015	9e-05
0.0043	-0.0136	0.2608	-0.0021048670779051613	-0.0005707226654021458	-0.0008429940287132613	0.89334804	22.5269165	0.88628485	0.021259931088596844	0.00557512	0.00039
0.0047	-0.0098	0.2486	-0.0015847589608108511	-0.00045902159327450867	-6.108652381980153e-05	1.28095365	32.30088806	1.12055316	0.08708583470577033	0.00921828	0.00935
0.0004	-0.0169	0.279	-0.002064724505109292	-0.0006579891280018621	-0.0011955505376161158	1.22346079	30.85113335	1.09935693	0.13246985464110547	0.0064289	0.00032
-0.0043	-0.0261	0.292	-0.0020420352248333657	-0.0007382742735936014	-0.0012374384396639797	0.85663372	21.60111809	0.87536614	0.034143116395776434	0.00635165	0.00035
0.0056	-0.0172	0.2664	-0.00205599785884932	-0.0006859143960337716	-0.0012723450247038664	0.95015436	23.95936012	0.93269727	0.04946145483078349	0.00552684	0.0003
0.0025	-0.0275	0.2848	-0.0018413223608540175	-0.0007382742735936014	-0.001296779634231787	0.85440195	21.54483986	0.87640503	0.046373499254152635	0.00628954	0.00032
0.0062	-0.0305	0.2703	-0.0022270401255447643	-0.0007295476273336296	-0.0013264502315156904	0.82817966	20.88361168	0.86875821	0.042405750411731113	0.00616568	0.00039
0.0044	-0.009	0.2794	-0.0021101030656611444	-0.000736528944341607	-0.0013264502315156904	1.04723561	26.40738869	0.93732522	0.03859591884457986	0.00631219	0.00067
0.0067	0.0227	0.258	-0.0023596851486963333	-0.0007906341511534313	-0.0013578661580515882	0.99354756	25.05357552	0.9278414	0.07215516081914553	0.00596786	0.00046
0.0002	-0.0721	0.3153	-0.001658062789394613	-0.0008761552845011534	-0.0018448130193580064	1.43597007	36.20982742	1.20639777	0.22230451769779305	0.0125136	0.01303
0.0077	-0.0546	0.3066	-0.001996656664281513	-0.000752236907609556	-0.001673770752662562	1.17431366	29.61182404	1.08694502	0.06537772592369712	0.00788498	0.00108
0.0072	-0.0614	0.2968	-0.001668534764906579	-0.0007923794804054256	-0.0015603243512829306	0.85973233	21.67925262	0.88080295	0.04118554367752173	0.00705111	0.00111
-0.0002	0.0003	-0.0821	0.00047647488579445195	0.0002844886680750757	0.0005270894341022875	2.12193489	53.50730896	1.57623848	0.7134645792283375	0.0051679	0.00161
0.0024	-0.0009	-0.0472	8.552113334772214e-05	0.0001361356816555577	0.0005864306286700947	1.08028591	27.24079323	0.96344048	0.06863239667170275	0.00479519	0.0003
0.0099	-0.0205	-0.0312	3.4906585039886588e-06	9.948376736367679e-05	0.000661479786505851	0.93739545	23.63762856	0.91113167	0.052786577348568536	0.0035187	0.00012
0.0112	-0.0378	-0.0152	1.0471975511965975e-05	0.00013962634015954637	0.0005759586531581287	1.01881516	25.69072914	0.94132652	0.04123225115757845	0.00348604	0.00025
0.002	-0.0247	0.0066	0.0002181661564992912	0.00012042771838760874	0.0006265732014659643	0.97026777	24.4665451	0.90177697	0.05797536755335493	0.00367618	0.00012
0.0057	-0.0209	-0.0251	0.00024260076602721178	9.948376736367679e-05	0.0007557275661135446	0.96192247	24.25610733	0.91219703	0.04792664625997164	0.00487643	0.00018
0.0003	-0.017	-0.0384	9.948376736367679e-05	0.0001308996938995747	0.0006824237375297829	0.87710661	22.11736679	0.8778889	0.03499183768915973	0.00394565	0.00012
-0.001	-0.0141	-0.0424	5.235987755982989e-05	6.981317007977319e-05	0.0005532693728822024	0.8551445	21.5635643	0.87727462	0.020068238913561447	0.00404346	0.00016
-0.0042	0.0044	-0.0525	1.7453292519943296e-05	0.00010471975511965978	0.0006370451769779302	0.87994593	22.18896484	0.89182502	0.039479448708775046	0.00383472	0.00016
0.0005	0.0006	-0.0543	5.235987755982988e-06	3.4906585039886588e-06	0.0006265732014659643	0.84387803	21.27946663	0.87146363	0.01649591884457987	0.00468761	0.00014
0.0008	-0.0296	-0.0295	4.363323129985824e-05	3.490658503988659e-05	0.0007208209810736582	0.92247456	23.26137924	0.89821594	0.06350304748437335	0.00360429	7e-05
-0.0141	-0.0468	-0.0309	0.00016231562043547262	-4.18879020478639e-05	0.0001291543646475804	0.97709483	24.63869858	0.9256917	0.07285717463247213	0.00429469	0.00025
-0.004	-0.0117	-0.0692	9.250245035569947e-05	-7.330382858376184e-05	0.0003351032163829112	1.00914359	25.44684792	0.93501866	0.09885889741755008	0.00385702	0.00012
-0.0059	-0.0261	-0.0552	8.37758040957278e-05	1.9198621771937625e-05	0.00042236967898262774	0.93735975	23.63672829	0.89589882	0.03972477796076938	0.00361496	0.00014
0.0084	-0.0341	-0.038	-9.948376736367679e-05	-3.4906585039886588e-06	0.0005131268000863328	0.87039	21.94799995	0.88782677	0.05433529864195178	0.00348032	0.00025
-0.022	-0.0117	-0.0138	1.9198621771937625e-05	-6.45771823237902e-05	0.000450294947014537	0.94839478	23.91498947	0.92002292	0.08913003830136057	0.00425804	9e-05
-0.0122	0.0097	-0.002	9.599310885968811e-05	2.792526803190927e-05	0.0004415683007545654	0.87811619	22.14282608	0.89653042	0.05190117918517107	0.00315398	0.00016
-0.0086	-0.0106	-0.0164	-8.726646259971648e-05	2.96705972839036e-05	0.0004572762640225143	0.89824015	22.65027618	0.88901413	0.0483356431989674	0.00366879	0.00021
0.01	-0.0228	-0.0321	0.0004258603374866164	-6.806784082777885e-05	0.0005393067388662478	0.97859758	24.67659187	0.90767994	0.08114478565208745	0.00494975	0.00012
0.0076	-0.0535	-0.0425	8.726646259971648e-06	1.9198621771937625e-05	0.0004468042885105483	0.91259521	23.01225853	0.89150106	0.07334513020910302	0.0034833	7e-05
0.0034	-0.0108	-0.0239	-0.00011170107212763708	-2.094395102393195e-05	0.00045553093477052	0.87974691	22.18394661	0.89241232	0.0739648468721725	0.00322813	9e-05
0.0026	-0.0108	-0.0245	-0.00022689280275926284	-3.4906585039886588e-06	0.00039269908169872416	0.8136518	20.51727295	0.85460901	0.011173843811168245	0.00358951	0.00018
0.0021	-0.017	-0.0172	4.0142572795869576e-05	-5.585053606381854e-05	0.0005585053606381855	0.88647336	22.3535614	0.90293266	0.03826007660272118	0.00334591	0.00035
-0.0025	-0.0165	-0.0281	2.6179938779914945e-05	5.235987755982988e-06	0.000439822971502571	0.91745567	23.13482094	0.89463544	0.025686577348568527	0.00341052	5e-05
-0.0047	-0.0423	-0.0799	6.108652381980153e-05	2.792526803190927e-05	0.00039269908169872416	0.96427667	24.31547165	0.93185439	0.08503598775598298	0.00507522	0.00028
-0.0062	-0.0249	-0.0463	0.00016406094968746698	-4.886921905584123e-05	0.00041538836197465044	0.97956347	24.70094872	0.92666087	0.06262290966156711	0.00411814	7e-05
-0.0001	0.0148	-0.0347	3.4906585039886588e-06	-0.00019547687622336493	0.0003089232776029963	0.86536688	21.82133484	0.88466131	0.07808215163613282	0.0035525	0.00018
-0.0032	0.0251	-0.0312	0.00013264502315156904	-0.00014660765716752367	0.0004433136300065597	0.89953214	22.68285561	0.9126256	0.032520696805349254	0.00433004	0.00018
0.0223	-0.0156	-0.0281	6.632251157578452e-05	-0.00013788101090755203	0.00040840704496667313	0.95830256	24.16482735	0.93017948	0.07479778714378214	0.00373942	0.00023
0.0256	-0.0267	-0.0295	2.96705972839036e-05	-0.0001064650843716541	0.0004572762640225143	0.89484847	22.56475067	0.87357118	0.021646852994181	0.00329715	7e-05
0.0	-0.0313	-0.0501	0.000148352986419518	-9.42477796076938e-05	0.0004433136300065597	0.80786723	20.37140846	0.85619552	0.05804311639577646	0.00426292	0.00014
-0.0077	-0.0404	-0.0609	-9.948376736367679e-05	-1.7453292519943296e-05	0.0003717551306747922	0.90890902	22.9193058	0.88942342	0.04740948701013564	0.00380766	5e-05
-0.1772	-2.3032	-0.6363	0.03523470693926153	-0.00325329372571743	-0.003570943649580398	8.46842766	213.54226685	7.26236204	5.133336496003894	0.148354	0.49102
0.0805	-0.8356	-0.71	0.02008350370269875	-0.0009389871375729493	0.0009930923443847736	6.4403491	162.4016571	5.48870165	2.9004772909336207	0.0678504	0.30882
0.2227	1.7033	0.1591	-0.021317451483858742	0.0026406831582674204	0.004721115626644662	9.67523575	243.97346497	7.94062221	5.985632438232887	0.126893	0.49592
0.2502	1.9131	0.2994	-0.02646093678948603	0.0032794736644973454	0.003454006589696778	2.69315672	67.91139984	2.61378979	0.7300692424402547	0.134328	0.47221
0.0027	0.3183	0.1169	-0.003145083312093782	0.00021467549799530252	-0.0011205013797803594	6.90291166	174.06576538	6.26658098	3.5725579806685714	0.0148312	0.08787
0.0066	0.297	0.1842	-0.0037891098060796892	0.00010995574287564276	-0.0010943214410004448	1.42214024	35.8610878	1.33999976	0.13124630939427412	0.0135689	0.04633
-0.0048	-0.0474	0.1045	-0.0005689773361501514	-0.0001361356816555577	0.00047647488579445195	2.00968289	50.67673111	1.6591909	0.6873510110627816	0.00562948	0.00566
